m,T_K,P_MPa,eta
0.1,293.15,0.1,1.0319
0.1,293.15,10.0,1.0325
0.1,293.15,30.0,1.034
0.1,293.15,60.0,1.037
0.1,298.15,0.1,0.9179
0.1,298.15,10.0,0.9185
0.1,298.15,30.0,0.9196
0.1,298.15,60.0,0.922
0.1,310.25,0.1,0.713
0.1,310.25,10.0,0.7136
0.1,310.25,30.0,0.7165
0.1,310.25,60.0,0.7199
0.1,331.45,0.1,0.4958
0.1,331.45,10.0,0.4982
0.1,331.45,30.0,0.5033
0.1,331.45,60.0,0.5113
0.1,346.95,0.1,0.3978
0.1,346.95,10.0,0.401
0.1,346.95,30.0,0.4065
0.1,346.95,60.0,0.415
0.1,371.59,0.1,0.2967
0.1,371.59,10.0,0.2996
0.1,371.59,30.0,0.3056
0.1,371.59,60.0,0.3139
0.1,397.4,10.0,0.2342
0.1,397.4,30.0,0.2396
0.1,397.4,60.0,0.2478
0.1,421.85,10.0,0.1931
0.1,421.85,30.0,0.1983
0.1,421.85,60.0,0.2045
0.1,445.65,10.0,0.1649
0.1,445.65,30.0,0.1695
0.1,445.65,60.0,0.1765
0.1,468.35,10.0,0.1446
0.1,468.35,30.0,0.149
0.1,468.35,60.0,0.1563
0.1,488.47,10.0,0.1305
0.1,488.47,30.0,0.1353
0.1,488.47,60.0,0.142
0.1,510.75,10.0,0.1176
0.1,510.75,30.0,0.1225
0.1,510.75,60.0,0.1295
0.1,527.45,10.0,0.1092
0.1,527.45,30.0,0.1145
0.1,527.45,60.0,0.1215
0.1,543.95,10.0,0.1017
0.1,543.95,30.0,0.1073
0.1,543.95,60.0,0.1145
0.1,574.85,10.0,0.0885
0.1,574.85,30.0,0.0955
0.1,574.85,60.0,0.1024
0.33,293.15,0.1,1.1
0.33,293.15,10.0,1.1005
0.33,293.15,30.0,1.1002
0.33,293.15,60.0,1.1003
0.33,298.15,0.1,0.9816
0.33,298.15,10.0,0.982
0.33,298.15,30.0,0.9825
0.33,298.15,60.0,0.984
0.33,312.45,0.1,0.733
0.33,312.45,10.0,0.7335
0.33,312.45,30.0,0.7342
0.33,312.45,60.0,0.735
0.33,334.26,0.1,0.5118
0.33,334.26,10.0,0.5139
0.33,334.26,30.0,0.5195
0.33,334.26,60.0,0.5265
0.33,349.52,0.1,0.416
0.33,349.52,10.0,0.4191
0.33,349.52,30.0,0.424
0.33,349.52,60.0,0.4328
0.33,368.75,0.1,0.3325
0.33,368.75,10.0,0.3336
0.33,368.75,30.0,0.3354
0.33,368.75,60.0,0.3397
0.33,394.24,10.0,0.2627
0.33,394.24,30.0,0.2798
0.33,394.24,60.0,0.2778
0.33,418.47,10.0,0.2164
0.33,418.47,30.0,0.2229
0.33,418.47,60.0,0.2304
0.33,440.46,10.0,0.1865
0.33,440.46,30.0,0.1932
0.33,440.46,60.0,0.1996
0.33,466.75,10.0,0.1597
0.33,466.75,30.0,0.1654
0.33,466.75,60.0,0.1724
0.33,486.75,10.0,0.1441
0.33,486.75,30.0,0.1497
0.33,486.75,60.0,0.156
0.33,508.35,10.0,0.1303
0.33,508.35,30.0,0.1364
0.33,508.35,60.0,0.1429
0.33,524.35,10.0,0.1212
0.33,524.35,30.0,0.127
0.33,524.35,60.0,0.134
0.33,551.7,10.0,0.1076
0.33,551.7,30.0,0.1142
0.33,551.7,60.0,0.1219
0.33,572.85,10.0,0.0978
0.33,572.85,30.0,0.1043
0.33,572.85,60.0,0.1137
0.65,293.15,0.1,1.2
0.65,293.15,10.0,1.2003
0.65,293.15,30.0,1.2017
0.65,293.15,60.0,1.2026
0.65,298.15,0.1,1.0733
0.65,298.15,10.0,1.0739
0.65,298.15,30.0,1.0751
0.65,298.15,60.0,1.0764
0.65,313.45,0.1,0.7889
0.65,313.45,10.0,0.7898
0.65,313.45,30.0,0.7904
0.65,313.45,60.0,0.7913
0.65,328.75,0.1,0.6142
0.65,328.75,10.0,0.6163
0.65,328.75,30.0,0.6231
0.65,328.75,60.0,0.6329
0.65,349.4,0.1,0.4626
0.65,349.4,10.0,0.4659
0.65,349.4,30.0,0.4732
0.65,349.4,60.0,0.4838
0.65,372.85,0.1,0.3546
0.65,372.85,10.0,0.3581
0.65,372.85,30.0,0.3653
0.65,372.85,60.0,0.3759
0.65,395.46,10.0,0.2901
0.65,395.46,30.0,0.2968
0.65,395.46,60.0,0.3065
0.65,422.65,10.0,0.235
0.65,422.65,30.0,0.2414
0.65,422.65,60.0,0.2507
0.65,447.84,10.0,0.1998
0.65,447.84,30.0,0.2062
0.65,447.84,60.0,0.2144
0.65,469.45,10.0,0.1772
0.65,469.45,30.0,0.1831
0.65,469.45,60.0,0.1913
0.65,494.76,10.0,0.1561
0.65,494.76,30.0,0.162
0.65,494.76,60.0,0.1702
0.65,515.32,10.0,0.1421
0.65,515.32,30.0,0.1483
0.65,515.32,60.0,0.156
0.65,532.17,10.0,0.132
0.65,532.17,30.0,0.1382
0.65,532.17,60.0,0.1465
0.65,548.17,10.0,0.1232
0.65,548.17,30.0,0.13
0.65,548.17,60.0,0.1388
0.65,575.12,10.0,0.109
0.65,575.12,30.0,0.1175
0.65,575.12,60.0,0.127
0.97,293.15,0.1,1.3141
0.97,293.15,10.0,1.3149
0.97,293.15,30.0,1.3154
0.97,293.15,60.0,1.3168
0.97,298.15,0.1,1.1748
0.97,298.15,10.0,1.1757
0.97,298.15,30.0,1.176
0.97,298.15,60.0,1.1765
0.97,315.38,0.1,0.842
0.97,315.38,10.0,0.8423
0.97,315.38,30.0,0.8434
0.97,315.38,60.0,0.8451
0.97,330.45,0.1,0.6653
0.97,330.45,10.0,0.669
0.97,330.45,30.0,0.6738
0.97,330.45,60.0,0.6882
0.97,348.74,0.1,0.521
0.97,348.74,10.0,0.5246
0.97,348.74,30.0,0.5331
0.97,348.74,60.0,0.5453
0.97,370.48,0.1,0.408
0.97,370.48,10.0,0.4121
0.97,370.48,30.0,0.4209
0.97,370.48,60.0,0.4316
0.97,399.44,10.0,0.3161
0.97,399.44,30.0,0.3243
0.97,399.44,60.0,0.3353
0.97,424.74,10.0,0.2621
0.97,424.74,30.0,0.2688
0.97,424.74,60.0,0.2801
0.97,446.48,10.0,0.2279
0.97,446.48,30.0,0.2348
0.97,446.48,60.0,0.2449
0.97,470.94,10.0,0.1994
0.97,470.94,30.0,0.2062
0.97,470.94,60.0,0.2154
0.97,496.58,10.0,0.1759
0.97,496.58,30.0,0.1828
0.97,496.58,60.0,0.1919
0.97,517.45,10.0,0.1601
0.97,517.45,30.0,0.1671
0.97,517.45,60.0,0.1763
0.97,534.76,10.0,0.1484
0.97,534.76,30.0,0.1564
0.97,534.76,60.0,0.1652
0.97,556.25,10.0,0.1357
0.97,556.25,30.0,0.1441
0.97,556.25,60.0,0.1544
0.97,572.49,10.0,0.1262
0.97,572.49,30.0,0.1357
0.97,572.49,60.0,0.1466
1.4,293.15,0.1,1.4924
1.4,293.15,10.0,1.4931
1.4,293.15,30.0,1.4939
1.4,293.15,60.0,1.4936
1.4,298.15,0.1,1.3386
1.4,298.15,10.0,1.3394
1.4,298.15,30.0,1.3408
1.4,298.15,60.0,1.3421
1.4,309.75,0.1,1.0656
1.4,309.75,10.0,1.0668
1.4,309.75,30.0,1.071
1.4,309.75,60.0,1.0785
1.4,324.24,0.1,0.8383
1.4,324.24,10.0,0.8425
1.4,324.24,30.0,0.8515
1.4,324.24,60.0,0.8602
1.4,348.75,0.1,0.6034
1.4,348.75,10.0,0.6084
1.4,348.75,30.0,0.6161
1.4,348.75,60.0,0.6313
1.4,372.94,0.1,0.4618
1.4,372.94,10.0,0.4668
1.4,372.94,30.0,0.4755
1.4,372.94,60.0,0.4893
1.4,397.45,10.0,0.3729
1.4,397.45,30.0,0.3813
1.4,397.45,60.0,0.395
1.4,424.03,10.0,0.3058
1.4,424.03,30.0,0.314
1.4,424.03,60.0,0.3256
1.4,447.23,10.0,0.264
1.4,447.23,30.0,0.272
1.4,447.23,60.0,0.2831
1.4,471.96,10.0,0.2307
1.4,471.96,30.0,0.2384
1.4,471.96,60.0,0.248
1.4,497.32,10.0,0.2036
1.4,497.32,30.0,0.2119
1.4,497.32,60.0,0.2223
1.4,514.37,10.0,0.1886
1.4,514.37,30.0,0.1965
1.4,514.37,60.0,0.2075
1.4,525.46,10.0,0.1796
1.4,525.46,30.0,0.1875
1.4,525.46,60.0,0.1991
1.4,547.32,10.0,0.164
1.4,547.32,30.0,0.173
1.4,547.32,60.0,0.1845
1.4,574.06,10.0,0.1459
1.4,574.06,30.0,0.157
1.4,574.06,60.0,0.17
2.0,293.15,0.1,1.7999
2.0,293.15,10.0,1.8006
2.0,293.15,30.0,1.801
2.0,293.15,60.0,1.8017
2.0,298.15,0.1,1.618
2.0,298.15,10.0,1.6185
2.0,298.15,30.0,1.6191
2.0,298.15,60.0,1.6197
2.0,308.45,0.1,1.322
2.0,308.45,10.0,1.3231
2.0,308.45,30.0,1.3238
2.0,308.45,60.0,1.3254
2.0,327.74,0.1,0.9588
2.0,327.74,10.0,0.9626
2.0,327.74,30.0,0.9721
2.0,327.74,60.0,0.9875
2.0,349.02,0.1,0.7214
2.0,349.02,10.0,0.7266
2.0,349.02,30.0,0.7376
2.0,349.02,60.0,0.7542
2.0,372.09,0.1,0.5584
2.0,372.09,10.0,0.5641
2.0,372.09,30.0,0.5747
2.0,372.09,60.0,0.591
2.0,397.74,10.0,0.4454
2.0,397.74,30.0,0.4559
2.0,397.74,60.0,0.4714
2.0,414.35,10.0,0.3904
2.0,414.35,30.0,0.4006
2.0,414.35,60.0,0.4154
2.0,423.76,10.0,0.3651
2.0,423.76,30.0,0.3751
2.0,423.76,60.0,0.3891
2.0,448.94,10.0,0.3116
2.0,448.94,30.0,0.3214
2.0,448.94,60.0,0.3348
2.0,474.06,10.0,0.2723
2.0,474.06,30.0,0.2817
2.0,474.06,60.0,0.2944
2.0,499.35,10.0,0.241
2.0,499.35,30.0,0.2506
2.0,499.35,60.0,0.2629
2.0,510.74,10.0,0.2294
2.0,510.74,30.0,0.2391
2.0,510.74,60.0,0.2523
2.0,524.06,10.0,0.2163
2.0,524.06,30.0,0.2263
2.0,524.06,60.0,0.2398
2.0,548.94,10.0,0.1948
2.0,548.94,30.0,0.2061
2.0,548.94,60.0,0.226
2.0,572.35,10.0,0.1757
2.0,572.35,30.0,0.1889
2.0,572.35,60.0,0.2044
