sample,T_K,Na,Ca,Cl,I,eta_meas,eta_calc,dev_pct,series
0,293,0.0,0.0,0.0,0.0,1.0073,1.0073,0.0,0
1–2,293,0.1002,0.0,0.1002,0.1002,1.019,1.0157,0.3223,1
1–3,293,0.2008,0.0,0.2008,0.2008,1.0254,1.0243,0.1017,1
1–4,293,0.4,0.0,0.4,0.4,1.0517,1.0424,0.8786,1
1–5,293,0.7013,0.0,0.7013,0.7013,1.0784,1.072,0.5891,1
1–6,293,0.9991,0.0,0.9991,0.9991,1.1059,1.1039,0.177,1
1–7,293,1.4993,0.0,1.4993,1.4993,1.1584,1.1635,0.4357,1
1–8,293,2.0028,0.0,2.0028,2.0028,1.2501,1.231,1.5302,1
1–9,293,2.9997,0.0,2.9997,2.9997,1.3776,1.387,0.6866,1
1–10,293,3.994,0.0,3.994,3.994,1.5479,1.5723,1.5729,1
1–11,293,4.9969,0.0,4.9969,4.9969,1.7738,1.7891,0.8633,1
1–12,293,5.998,0.0,5.998,5.998,1.9949,2.0355,2.0361,1
2–2,293,0.0,0.0513,0.1026,0.1539,1.0215,1.0073,1.3941,2
2–3,293,0.0,0.0972,0.1944,0.2916,1.0346,1.008,2.5692,2
2–4,293,0.0,0.1785,0.357,0.5355,1.0569,1.011,4.3407,2
2–5,293,0.0,0.3828,0.7656,1.1484,1.1139,1.0287,7.6524,2
2–6,293,0.0,0.7532,1.5064,2.2596,1.2389,1.0972,11.4373,2
2–7,293,0.0,1.5667,3.1334,4.7001,1.5949,1.4131,11.3992,2
2–8,293,0.0,2.1439,4.2878,6.4317,1.9276,1.775,7.917,2
2–9,293,0.0,2.815,5.63,8.445,2.306,2.3397,1.4585,2
3–1,293,0.0855,0.0857,0.2569,0.3426,1.0332,1.0162,1.6438,3
3–2,293,0.3249,0.3286,0.9821,1.3107,1.1211,1.0706,4.5036,3
3–3,293,0.6459,0.6489,1.9437,2.5926,1.2797,1.2082,5.5834,3
3–4,293,1.2726,1.2662,3.805,5.0712,1.6459,1.6539,0.4829,3
3–5,293,2.2426,2.2379,6.7184,8.9563,2.6648,2.7152,1.8913,3
4–1,293,0.3325,0.3327,0.9979,1.3306,1.1303,1.0725,5.1151,4
4–2,293,0.6948,0.6946,2.084,2.7786,1.2907,1.2342,4.3798,4
4–3,293,0.9887,0.9869,2.9625,3.9494,1.4494,1.4261,1.612,4
4–4,293,1.267,1.264,3.795,5.059,1.646,1.651,0.3003,4
4–5,293,1.6359,1.6327,4.9013,6.534,1.9584,2.0065,2.4565,4
4–6,293,1.8898,1.8906,5.671,7.5616,2.1754,2.2888,5.2082,4
5–1,293,0.194,0.3875,0.969,1.3565,1.1297,1.0597,6.1983,5
5–2,293,0.3832,0.7662,1.9156,2.6818,1.2787,1.1878,7.1131,5
5–3,293,0.5897,1.1779,2.9455,4.1234,1.4897,1.4079,5.4893,5
5–4,293,0.7669,1.5342,3.8353,5.3695,1.6892,1.6594,1.7629,5
5–5,293,0.9491,1.8987,4.7465,6.6452,1.9602,1.9708,0.5432,5
5–6,293,1.1296,2.2585,5.6466,7.9051,2.2732,2.3281,2.4172,5
6–1,293,0.5005,0.2502,1.0009,1.2511,1.1241,1.0836,3.6038,6
6–2,293,1.0005,0.5003,2.0011,2.5014,1.2565,1.2314,1.9982,6
6–3,293,1.4943,0.7471,2.9885,3.7356,1.4332,1.4357,0.1757,6
6–4,293,1.9639,0.982,3.9279,4.9099,1.6419,1.6733,1.9162,6
6–5,293,2.4344,1.2172,4.8688,6.086,1.9423,1.9475,0.2636,6
6–6,293,2.9041,1.4521,5.8083,7.2604,2.3338,2.2542,3.4109,6
7–1,293,0.6058,0.202,1.0098,1.2118,1.1194,1.0901,2.6163,7
7–2,293,1.2039,0.4013,2.0065,2.4078,1.2562,1.2365,1.5665,7
7–3,293,1.8012,0.6004,3.002,3.6024,1.429,1.4346,0.3875,7
7–4,293,2.3866,0.7955,3.9776,4.7731,1.6142,1.6686,3.3652,7
7–5,293,2.9623,0.9875,4.9373,5.9248,1.8592,1.9321,3.9223,7
7–6,293,3.5288,1.1763,5.8814,7.0577,2.1306,2.2214,4.2603,7
8–1,293,0.3816,0.3143,1.0102,1.3245,1.135,1.0769,5.1171,8
8–2,293,0.7558,0.6224,2.0006,2.623,1.2831,1.2228,4.7047,8
8–3,293,1.1202,0.9225,2.9652,3.8877,1.4893,1.429,4.0465,8
8–4,293,1.4716,1.2119,3.8954,5.1073,1.6775,1.6782,0.0389,8
8–5,293,1.8224,1.5007,4.8238,6.3245,1.9268,1.9692,2.2042,8
8–6,293,2.1688,1.7861,5.741,7.5271,2.2512,2.2945,1.9248,8
9–1,293,1.2289,0.0,1.2289,1.2289,1.1179,1.1303,1.1173,9
9–2,293,2.4859,0.0,2.4859,2.4859,1.2663,1.3029,2.8877,9
9–3,293,3.8405,0.0,3.8405,3.8405,1.4776,1.5418,4.3429,9
9–4,293,5.0149,0.0,5.0149,5.0149,1.7134,1.7933,4.6604,9
9–5,293,6.0878,0.0,6.0878,6.0878,2.0068,2.0591,2.6072,9
10–1,293,0.0,1.2402,2.4804,3.7206,1.4558,1.259,13.516,10
10–2,293,0.0,2.3762,4.7524,7.1286,2.1266,1.953,8.1664,10
10–3,293,0.0,3.4164,6.8328,10.2492,3.0172,2.9771,1.3309,10
10–4,293,0.0,4.3743,8.7486,13.1229,4.4968,4.2488,5.5169,10
10–5,293,0.0,5.2622,10.524,15.7866,6.6629,5.7089,14.318,10
0,298,0.0,0.0,0.0,0.0,0.8984,0.8984,0.0,0
1–2,298,0.1002,0.0,0.1002,0.1002,0.9137,0.9065,0.796,1
1–3,298,0.2008,0.0,0.2008,0.2008,0.9146,0.9148,0.0188,1
1–4,298,0.4,0.0,0.4,0.4,0.9406,0.932,0.9214,1
1–5,298,0.7013,0.0,0.7013,0.7013,0.9537,0.9597,0.6301,1
1–6,298,0.9991,0.0,0.9991,0.9991,0.9919,0.9893,0.2614,1
1–7,298,1.4993,0.0,1.4993,1.4993,1.0369,1.0436,0.648,1
1–8,298,2.0028,0.0,2.0028,2.0028,1.121,1.1043,1.4917,1
1–9,298,2.9997,0.0,2.9997,2.9997,1.2333,1.2419,0.6995,1
1–10,298,3.994,0.0,3.994,3.994,1.3864,1.4025,1.16,1
1–11,298,4.9969,0.0,4.9969,4.9969,1.5863,1.588,0.1094,1
1–12,298,5.998,0.0,5.998,5.998,1.7716,1.7968,1.4212,1
2–2,298,0.0,0.0513,0.1026,0.1539,0.9117,0.8986,1.4316,2
2–3,298,0.0,0.0972,0.1944,0.2916,0.9234,0.8995,2.5924,2
2–4,298,0.0,0.1785,0.357,0.5355,0.9445,0.9026,4.4296,2
2–5,298,0.0,0.3828,0.7656,1.1484,0.9968,0.9195,7.7545,2
2–6,298,0.0,0.7532,1.5064,2.2596,1.1129,0.9826,11.712,2
2–7,298,0.0,1.5667,3.1334,4.7001,1.4354,1.2685,11.623,2
2–8,298,0.0,2.1439,4.2878,6.4317,1.7358,1.5943,8.1512,2
2–9,298,0.0,2.815,5.63,8.445,2.0745,2.1012,1.2889,2
3–1,298,0.0855,0.0857,0.2569,0.3426,0.9228,0.9073,1.6794,3
3–2,298,0.3249,0.3286,0.9821,1.3107,1.0053,0.9583,4.6711,3
3–3,298,0.6459,0.6489,1.9437,2.5926,1.1499,1.0838,5.7476,3
3–4,298,1.2726,1.2662,3.805,5.0712,1.4802,1.484,0.26,3
3–5,298,2.2426,2.2379,6.7184,8.9563,2.3791,2.4259,1.9678,3
4–1,298,0.3325,0.3327,0.9979,1.3306,1.0124,0.96,5.1753,4
4–2,298,0.6948,0.6946,2.084,2.7786,1.1598,1.1073,4.528,4
4–3,298,0.9887,0.9869,2.9625,3.9494,1.3032,1.28,1.7766,4
4–4,298,1.267,1.264,3.795,5.059,1.4799,1.4814,0.1024,4
4–5,298,1.6359,1.6327,4.9013,6.534,1.7489,1.7982,2.8214,4
4–6,298,1.8898,1.8906,5.671,7.5616,1.95,2.0488,5.0651,4
5–1,298,0.194,0.3875,0.969,1.3565,1.0117,0.9482,6.2722,5
5–2,298,0.3832,0.7662,1.9156,2.6818,1.1478,1.0651,7.2003,5
5–3,298,0.5897,1.1779,2.9455,4.1234,1.3395,1.2638,5.6508,5
5–4,298,0.7669,1.5342,3.8353,5.3695,1.519,1.4897,1.929,5
5–5,298,0.9491,1.8987,4.7465,6.6452,1.762,1.7684,0.3631,5
5–6,298,1.1296,2.2585,5.6466,7.9051,2.1492,2.0873,2.8798,5
6–1,298,0.5005,0.2502,1.0009,1.2511,1.0069,0.9703,3.6351,6
6–2,298,1.0005,0.5003,2.0011,2.5014,1.1285,1.1048,2.0987,6
6–3,298,1.4943,0.7471,2.9885,3.7356,1.2877,1.2882,0.0379,6
6–4,298,1.9639,0.982,3.9279,4.9099,1.485,1.4999,0.9991,6
6–5,298,2.4344,1.2172,4.8688,6.086,1.7325,1.7424,0.572,6
6–6,298,2.9041,1.4521,5.8083,7.2604,2.0155,2.0122,0.1623,6
7–1,298,0.6058,0.202,1.0098,1.2118,1.0031,0.9764,2.6646,7
7–2,298,1.2039,0.4013,2.0065,2.4078,1.1281,1.1095,1.6503,7
7–3,298,1.8012,0.6004,3.002,3.6024,1.2839,1.2868,0.2276,7
7–4,298,2.3866,0.7955,3.9776,4.7731,1.4491,1.4944,3.1241,7
7–5,298,2.9623,0.9875,4.9373,5.9248,1.6665,1.7263,3.5872,7
7–6,298,3.5288,1.1763,5.8814,7.0577,1.9142,1.9791,3.3882,7
8–1,298,0.3816,0.3143,1.0102,1.3245,1.03,0.9641,6.3999,8
8–2,298,0.7558,0.6224,2.0006,2.623,1.1463,1.097,4.3072,8
8–3,298,1.1202,0.9225,2.9652,3.8877,1.3359,1.2826,3.9929,8
8–4,298,1.4716,1.2119,3.8954,5.1073,1.5074,1.5053,0.1363,8
8–5,298,1.8224,1.5007,4.8238,6.3245,1.7284,1.7643,2.0767,8
8–6,298,2.1688,1.7861,5.741,7.5271,2.0148,2.0525,1.8701,8
9–1,298,1.2289,0.0,1.2289,1.2289,1.0033,1.0135,1.0211,9
9–2,298,2.4859,0.0,2.4859,2.4859,1.137,1.168,2.7326,9
9–3,298,3.8405,0.0,3.8405,3.8405,1.3248,1.3762,3.8752,9
9–4,298,5.0149,0.0,5.0149,5.0149,1.5323,1.5915,3.8673,9
9–5,298,6.0878,0.0,6.0878,6.0878,1.784,1.8167,1.831,9
10–1,298,0.0,1.2402,2.4804,3.7206,1.3109,1.1294,13.8449,10
10–2,298,0.0,2.3762,4.7524,7.1286,1.966,1.7542,10.7738,10
10–3,298,0.0,3.4164,6.8328,10.2492,2.707,2.6727,1.2677,10
10–4,298,0.0,4.3743,8.7486,13.1229,4.0088,3.8114,4.926,10
10–5,298,0.0,5.2622,10.524,15.7866,5.8204,5.1177,12.073,10
0,303,0.0,0.0,0.0,0.0,0.8085,0.8085,0.0,0
1–2,303,0.1002,0.0,0.1002,0.1002,0.8203,0.8162,0.4906,1
1–3,303,0.2008,0.0,0.2008,0.2008,0.8234,0.8242,0.1054,1
1–4,303,0.4,0.0,0.4,0.4,0.8406,0.8406,0.0091,1
1–5,303,0.7013,0.0,0.7013,0.7013,0.858,0.8668,1.0307,1
1–6,303,0.9991,0.0,0.9991,0.9991,0.8878,0.8944,0.7393,1
1–7,303,1.4993,0.0,1.4993,1.4993,0.9429,0.9443,0.146,1
1–8,303,2.0028,0.0,2.0028,2.0028,1.0151,0.9992,1.5598,1
1–9,303,2.9997,0.0,2.9997,2.9997,1.1215,1.1219,0.0337,1
1–10,303,3.994,0.0,3.994,3.994,1.2507,1.2625,0.9455,1
1–11,303,4.9969,0.0,4.9969,4.9969,1.4281,1.4229,0.3628,1
1–12,303,5.998,0.0,5.998,5.998,1.5866,1.6016,0.9456,1
2–2,303,0.0,0.0513,0.1026,0.1539,0.8206,0.809,1.4214,2
2–3,303,0.0,0.0972,0.1944,0.2916,0.8317,0.81,2.5988,2
2–4,303,0.0,0.1785,0.357,0.5355,0.8508,0.8133,4.4027,2
2–5,303,0.0,0.3828,0.7656,1.1484,0.9062,0.8296,8.4528,2
2–6,303,0.0,0.7532,1.5064,2.2596,1.0053,0.8881,11.6542,2
2–7,303,0.0,1.5667,3.1334,4.7001,1.3008,1.148,11.7484,2
2–8,303,0.0,2.1439,4.2878,6.4317,1.5727,1.4419,8.321,2
2–9,303,0.0,2.815,5.63,8.445,1.8804,1.8979,0.9273,2
3–1,303,0.0855,0.0857,0.2569,0.3426,0.8312,0.8174,1.6652,3
3–2,303,0.3249,0.3286,0.9821,1.3107,0.9082,0.8656,4.6841,3
3–3,303,0.6459,0.6489,1.9437,2.5926,1.0401,0.9806,5.721,3
3–4,303,1.2726,1.2662,3.805,5.0712,1.3419,1.3416,0.0237,3
3–5,303,2.2426,2.2379,6.7184,8.9563,2.1411,2.1815,1.8875,3
4–1,303,0.3325,0.3327,0.9979,1.3306,0.9139,0.8672,5.1059,4
4–2,303,0.6948,0.6946,2.084,2.7786,1.0491,1.0019,4.499,4
4–3,303,0.9887,0.9869,2.9625,3.9494,1.1798,1.1581,1.8371,4
4–4,303,1.267,1.264,3.795,5.059,1.3394,1.3392,0.0086,4
4–5,303,1.6359,1.6327,4.9013,6.534,1.5876,1.6229,2.2213,4
4–6,303,1.8898,1.8906,5.671,7.5616,1.7608,1.8463,4.86,4
5–1,303,0.194,0.3875,0.969,1.3565,0.9128,0.8563,6.1951,5
5–2,303,0.3832,0.7662,1.9156,2.6818,1.0376,0.9636,7.1377,5
5–3,303,0.5897,1.1779,2.9455,4.1234,1.2132,1.1436,5.7348,5
5–4,303,0.7669,1.5342,3.8353,5.3695,1.3765,1.3472,2.1293,5
5–5,303,0.9491,1.8987,4.7465,6.6452,1.5947,1.5975,0.1766,5
5–6,303,1.1296,2.2585,5.6466,7.9051,1.9524,1.8831,3.5465,5
6–1,303,0.5005,0.2502,1.0009,1.2511,0.9086,0.8767,3.5099,6
6–2,303,1.0005,0.5003,2.0011,2.5014,1.0205,0.9997,2.0319,6
6–3,303,1.4943,0.7471,2.9885,3.7356,1.1658,1.1653,0.0431,6
6–4,303,1.9639,0.982,3.9279,4.9099,1.4172,1.3548,4.3987,6
6–5,303,2.4344,1.2172,4.8688,6.086,1.518,1.5708,3.475,6
6–6,303,2.9041,1.4521,5.8083,7.2604,1.8463,1.8097,1.9832,6
7–1,303,0.6058,0.202,1.0098,1.2118,0.9063,0.8823,2.6485,7
7–2,303,1.2039,0.4013,2.0065,2.4078,1.0202,1.004,1.5906,7
7–3,303,1.8012,0.6004,3.002,3.6024,1.1622,1.1638,0.1385,7
7–4,303,2.3866,0.7955,3.9776,4.7731,1.3104,1.3491,2.9494,7
7–5,303,2.9623,0.9875,4.9373,5.9248,1.5027,1.5546,3.449,7
7–6,303,3.5288,1.1763,5.8814,7.0577,1.7234,1.7771,3.1159,7
8–1,303,0.3816,0.3143,1.0102,1.3245,0.9267,0.871,6.0143,8
8–2,303,0.7558,0.6224,2.0006,2.623,1.0414,0.9926,4.6903,8
8–3,303,1.1202,0.9225,2.9652,3.8877,1.2377,1.1604,6.2455,8
8–4,303,1.4716,1.2119,3.8954,5.1073,1.3645,1.3605,0.2888,8
8–5,303,1.8224,1.5007,4.8238,6.3245,1.5626,1.5921,1.886,8
8–6,303,2.1688,1.7861,5.741,7.5271,1.8181,1.8486,1.6801,8
9–1,303,1.2289,0.0,1.2289,1.2289,0.9061,0.9167,1.172,9
9–2,303,2.4859,0.0,2.4859,2.4859,1.0311,1.0564,2.456,9
9–3,303,3.8405,0.0,3.8405,3.8405,1.1968,1.2396,3.5751,9
9–4,303,5.0149,0.0,5.0149,5.0149,1.3835,1.4259,3.0651,9
9–5,303,6.0878,0.0,6.0878,6.0878,1.5993,1.6185,1.1985,9
10–1,303,0.0,1.2402,2.4804,3.7206,1.1888,1.022,14.0344,10
10–2,303,0.0,2.3762,4.7524,7.1286,1.7365,1.5858,8.6772,10
10–3,303,0.0,3.4164,6.8328,10.2492,2.4506,2.4109,1.6216,10
10–4,303,0.0,4.3743,8.7486,13.1229,3.5942,3.4318,4.5202,10
10–5,303,0.0,5.2622,10.524,15.7866,5.1443,4.6016,10.5492,10
0,313,0.0,0.0,0.0,0.0,0.6697,0.6697,0.0,0
1–2,313,0.1002,0.0,0.1002,0.1002,0.6753,0.677,0.2489,1
1–3,313,0.2008,0.0,0.2008,0.2008,0.6848,0.6844,0.0568,1
1–4,313,0.4,0.0,0.4,0.4,0.6981,0.6993,0.1786,1
1–5,313,0.7013,0.0,0.7013,0.7013,0.7185,0.7228,0.6049,1
1–6,313,0.9991,0.0,0.9991,0.9991,0.7399,0.7471,0.9806,1
1–7,313,1.4993,0.0,1.4993,1.4993,0.7857,0.7901,0.5627,1
1–8,313,2.0028,0.0,2.0028,2.0028,0.8438,0.8364,0.8814,1
1–9,313,2.9997,0.0,2.9997,2.9997,0.9565,0.9364,2.0963,1
1–10,313,3.994,0.0,3.994,3.994,1.0369,1.0475,1.0229,1
1–11,313,4.9969,0.0,4.9969,4.9969,1.1766,1.1711,0.4631,1
1–12,313,5.998,0.0,5.998,5.998,1.3178,1.3059,0.8971,1
2–2,313,0.0,0.0513,0.1026,0.1539,0.6817,0.6708,1.5892,2
2–3,313,0.0,0.0972,0.1944,0.2916,0.6896,0.6723,2.5085,2
2–4,313,0.0,0.1785,0.357,0.5355,0.7062,0.676,4.2672,2
2–5,313,0.0,0.3828,0.7656,1.1484,0.7533,0.6917,8.1676,2
2–6,313,0.0,0.7532,1.5064,2.2596,0.8375,0.7433,11.2551,2
2–7,313,0.0,1.5667,3.1334,4.7001,1.0877,0.9608,11.6671,2
2–8,313,0.0,2.1439,4.2878,6.4317,1.3149,1.2022,8.5702,2
2–9,313,0.0,2.815,5.63,8.445,1.5707,1.5736,0.185,2
3–1,313,0.0855,0.0857,0.2569,0.3426,0.6901,1.994,1.6266,3
3–2,313,0.3249,0.3286,0.9821,1.3107,0.7636,2.1459,5.3445,3
3–3,313,0.6459,0.6489,1.9437,2.5926,0.8667,2.3791,5.3031,3
3–4,313,1.2726,1.2662,3.805,5.0712,1.1342,3.1086,1.3961,3
3–5,313,2.2426,2.2379,6.7184,8.9563,1.7657,5.8454,1.6814,3
4–1,313,0.3325,0.3327,0.9979,1.3306,0.7594,2.1369,4.6393,4
4–2,313,0.6948,0.6946,2.084,2.7786,0.8743,2.3972,4.0779,4
4–3,313,0.9887,0.9869,2.9625,3.9494,0.9846,2.6768,1.6798,4
4–4,313,1.267,1.264,3.795,5.059,1.1174,3.0569,0.0856,4
4–5,313,1.6359,1.6327,4.9013,6.534,1.3356,3.8021,0.8353,4
4–6,313,1.8898,1.8906,5.671,7.5616,1.4624,4.3164,4.4063,4
5–1,313,0.194,0.3875,0.969,1.3565,0.7585,2.135,5.7407,5
5–2,313,0.3832,0.7662,1.9156,2.6818,0.8647,2.3744,6.7097,5
5–3,313,0.5897,1.1779,2.9455,4.1234,1.0128,2.7533,5.563,5
5–4,313,0.7669,1.5342,3.8353,5.3695,1.1495,3.1565,2.2524,5
5–5,313,0.9491,1.8987,4.7465,6.6452,1.3307,3.7839,0.2398,5
5–6,313,1.1296,2.2585,5.6466,7.9051,1.632,5.1141,4.4698,5
6–1,313,0.5005,0.2502,1.0009,1.2511,0.7553,2.1283,3.074,6
6–2,313,1.0005,0.5003,2.0011,2.5014,0.8535,2.3478,1.9656,6
6–3,313,1.4943,0.7471,2.9885,3.7356,0.9724,2.6442,0.1304,6
6–4,313,1.9639,0.982,3.9279,4.9099,1.2035,3.3319,6.2643,6
6–5,313,2.4344,1.2172,4.8688,6.086,1.356,3.8807,3.9683,6
6–6,313,2.9041,1.4521,5.8083,7.2604,1.5316,4.6255,2.5256,6
7–1,313,0.6058,0.202,1.0098,1.2118,0.7526,2.1226,2.0994,7
7–2,313,1.2039,0.4013,2.0065,2.4078,0.8511,2.3423,1.2861,7
7–3,313,1.8012,0.6004,3.002,3.6024,0.9687,2.6345,0.3591,7
7–4,313,2.3866,0.7955,3.9776,4.7731,1.0911,2.9775,2.8906,7
7–5,313,2.9623,0.9875,4.9373,5.9248,1.247,3.4798,3.2251,7
7–6,313,3.5288,1.1763,5.8814,7.0577,1.4246,4.156,2.7205,7
8–1,313,0.3816,0.3143,1.0102,1.3245,0.779,2.1794,6.6369,8
8–2,313,0.7558,0.6224,2.0006,2.623,0.872,2.3917,4.7272,8
8–3,313,1.1202,0.9225,2.9652,3.8877,1.0428,2.837,6.9894,8
8–4,313,1.4716,1.2119,3.8954,5.1073,1.1379,3.1202,0.383,8
8–5,313,1.8224,1.5007,4.8238,6.3245,1.3,3.6691,1.6377,8
8–6,313,2.1688,1.7861,5.741,7.5271,1.5066,4.5112,1.3994,8
9–1,313,1.2289,0.0,1.2289,1.2289,0.7547,0.7665,1.5608,9
9–2,313,2.4859,0.0,2.4859,2.4859,0.8577,0.8834,3.0032,9
9–3,313,3.8405,0.0,3.8405,3.8405,0.9944,1.0296,3.5479,9
9–4,313,5.0149,0.0,5.0149,5.0149,1.1557,1.1734,1.5369,9
9–5,313,6.0878,0.0,6.0878,6.0878,1.3134,1.3186,0.3919,9
10–1,313,0.0,1.2402,2.4804,3.7206,0.9905,0.8563,13.5551,10
10–2,313,0.0,2.3762,4.7524,7.1286,1.5403,1.3197,14.3236,10
10–3,313,0.0,3.4164,6.8328,10.2492,2.0125,1.9894,1.1475,10
10–4,313,0.0,4.3743,8.7486,13.1229,2.8797,2.8136,2.297,10
10–5,313,0.0,5.2622,10.524,15.7866,4.1754,3.7552,10.0651,10
0,323,0.0,0.0,0.0,0.0,0.5707,0.5707,0.0,0
1–2,323,0.1002,0.0,0.1002,0.1002,0.5787,0.5774,0.2158,1
1–3,323,0.2008,0.0,0.2008,0.2008,0.5843,0.5843,0.0023,1
1–4,323,0.4,0.0,0.4,0.4,0.5965,0.598,0.2526,1
1–5,323,0.7013,0.0,0.7013,0.7013,0.6136,0.6192,0.9203,1
1–6,323,0.9991,0.0,0.9991,0.9991,0.6319,0.6409,1.426,1
1–7,323,1.4993,0.0,1.4993,1.4993,0.6718,0.6787,1.0367,1
1–8,323,2.0028,0.0,2.0028,2.0028,0.7291,0.7186,1.444,1
1–9,323,2.9997,0.0,2.9997,2.9997,0.8319,0.8027,3.5015,1
1–10,323,3.994,0.0,3.994,3.994,0.8819,0.8937,1.3379,1
1–11,323,4.9969,0.0,4.9969,4.9969,0.997,0.9926,0.4394,1
1–12,323,5.998,0.0,5.998,5.998,1.1112,1.0984,1.1535,1
2–2,323,0.0,0.0513,0.1026,0.1539,0.5777,0.5724,0.9121,2
2–3,323,0.0,0.0972,0.1944,0.2916,0.5872,0.5743,2.1845,2
2–4,323,0.0,0.1785,0.357,0.5355,0.6018,0.5786,3.8468,2
2–5,323,0.0,0.3828,0.7656,1.1484,0.6415,0.5944,7.3447,2
2–6,323,0.0,0.7532,1.5064,2.2596,0.7133,0.6414,10.082,2
2–7,323,0.0,1.5667,3.1334,4.7001,0.927,0.8275,10.7308,2
2–8,323,0.0,2.1439,4.2878,6.4317,1.1207,1.0287,8.2105,2
2–9,323,0.0,2.815,5.63,8.445,1.3379,1.3347,0.2362,2
3–1,323,0.0855,0.0857,0.2569,0.3426,0.5832,1.7918,0.5195,3
3–2,323,0.3249,0.3286,0.9821,1.3107,0.6441,1.9042,3.5629,3
3–3,323,0.6459,0.6489,1.9437,2.5926,0.7383,2.0923,4.3012,3
3–4,323,1.2726,1.2662,3.805,5.0712,0.9595,2.6104,0.3609,3
3–5,323,2.2426,2.2379,6.7184,8.9563,1.4886,4.4311,1.5052,3
4–1,323,0.3325,0.3327,0.9979,1.3306,0.6472,1.9102,3.8379,4
4–2,323,0.6948,0.6946,2.084,2.7786,0.7452,2.107,3.1512,4
4–3,323,0.9887,0.9869,2.9625,3.9494,0.8389,2.3137,0.9439,4
4–4,323,1.267,1.264,3.795,5.059,1.0621,2.8925,10.1349,4
4–5,323,1.6359,1.6327,4.9013,6.534,1.135,3.1111,0.8373,4
4–6,323,1.8898,1.8906,5.671,7.5616,1.2408,3.4583,4.1433,4
5–1,323,0.194,0.3875,0.969,1.3565,0.6446,1.9053,4.6435,5
5–2,323,0.3832,0.7662,1.9156,2.6818,0.7361,2.0879,5.5631,5
5–3,323,0.5897,1.1779,2.9455,4.1234,0.8629,2.3701,4.7419,5
5–4,323,0.7669,1.5342,3.8353,5.3695,0.9784,2.6603,1.75,5
5–5,323,0.9491,1.8987,4.7465,6.6452,1.1318,3.1012,0.1677,5
5–6,323,1.1296,2.2585,5.6466,7.9051,1.3863,4.0,4.7764,5
6–1,323,0.5005,0.2502,1.0009,1.2511,0.643,1.9022,2.2065,6
6–2,323,1.0005,0.5003,2.0011,2.5014,0.7253,2.0653,0.8001,6
6–3,323,1.4943,0.7471,2.9885,3.7356,0.8283,2.2894,0.7948,6
6–4,323,1.9639,0.982,3.9279,4.9099,1.003,2.7265,3.9615,6
6–5,323,2.4344,1.2172,4.8688,6.086,1.127,3.0864,1.8209,6
6–6,323,2.9041,1.4521,5.8083,7.2604,1.2917,3.6389,2.2917,6
7–1,323,0.6058,0.202,1.0098,1.2118,0.6407,1.8978,1.2521,7
7–2,323,1.2039,0.4013,2.0065,2.4078,0.7252,2.0652,0.4184,7
7–3,323,1.8012,0.6004,3.002,3.6024,0.825,2.282,1.0119,7
7–4,323,2.3866,0.7955,3.9776,4.7731,0.9281,2.5297,3.2421,7
7–5,323,2.9623,0.9875,4.9373,5.9248,1.0582,2.8811,3.3055,7
7–6,323,3.5288,1.1763,5.8814,7.0577,1.2136,3.3656,1.8545,7
8–1,323,0.3816,0.3143,1.0102,1.3245,0.6592,1.9332,5.18,8
8–2,323,0.7558,0.6224,2.0006,2.623,0.7402,2.0964,3.4242,8
8–3,323,1.1202,0.9225,2.9652,3.8877,0.8949,2.4471,7.003,8
8–4,323,1.4716,1.2119,3.8954,5.1073,0.9683,2.6334,0.0119,8
8–5,323,1.8224,1.5007,4.8238,6.3245,1.1045,3.0177,1.6916,8
8–6,323,2.1688,1.7861,5.741,7.5271,1.2752,3.5795,1.3351,8
9–1,323,1.2289,0.0,1.2289,1.2289,0.6706,0.6581,1.8692,9
9–2,323,2.4859,0.0,2.4859,2.4859,0.7595,0.7585,0.1332,9
9–3,323,3.8405,0.0,3.8405,3.8405,0.8457,0.8792,3.9583,9
9–4,323,5.0149,0.0,5.0149,5.0149,1.0402,0.9944,4.3992,9
9–5,323,6.0878,0.0,6.0878,6.0878,1.1046,1.1082,0.3292,9
10–1,323,0.0,1.2402,2.4804,3.7206,0.8442,0.7391,12.4443,10
10–2,323,0.0,2.3762,4.7524,7.1286,1.2813,1.1258,12.1349,10
10–3,323,0.0,3.4164,6.8328,10.2492,1.711,1.6749,2.1118,10
10–4,323,0.0,4.3743,8.7486,13.1229,2.4122,2.3453,2.7725,10
10–5,323,0.0,5.2622,10.524,15.7866,3.434,3.1079,9.4964,10
0,333,0.0,0.0,0.0,0.0,0.4979,0.4979,0.0,0
1–2,333,0.1002,0.0,0.1002,0.1002,0.505,0.5041,0.1853,1
1–3,333,0.2008,0.0,0.2008,0.2008,0.5119,0.5104,0.3034,1
1–4,333,0.4,0.0,0.4,0.4,0.5209,0.5229,0.3817,1
1–5,333,0.7013,0.0,0.7013,0.7013,0.5354,0.5422,1.2868,1
1–6,333,0.9991,0.0,0.9991,0.9991,0.5516,0.5617,1.8424,1
1–7,333,1.4993,0.0,1.4993,1.4993,0.5865,0.5953,1.5019,1
1–8,333,2.0028,0.0,2.0028,2.0028,0.6365,0.6303,0.9756,1
1–9,333,2.9997,0.0,2.9997,2.9997,0.7184,0.7028,2.182,1
1–10,333,3.994,0.0,3.994,3.994,0.7754,0.7794,0.5182,1
1–11,333,4.9969,0.0,4.9969,4.9969,0.8549,0.8611,0.7191,1
1–12,333,5.998,0.0,5.998,5.998,0.9566,0.947,1.0024,1
2–2,333,0.0,0.0513,0.1026,0.1539,0.5012,0.5002,0.1997,2
2–3,333,0.0,0.0972,0.1944,0.2916,0.5119,0.5026,1.8231,2
2–4,333,0.0,0.1785,0.357,0.5355,0.5244,0.5076,3.2159,2
2–5,333,0.0,0.3828,0.7656,1.1484,0.5601,0.524,6.4514,2
2–6,333,0.0,0.7532,1.5064,2.2596,0.6199,0.5683,8.3271,2
2–7,333,0.0,1.5667,3.1334,4.7001,0.8045,0.7316,9.0584,2
2–8,333,0.0,2.1439,4.2878,6.4317,0.9706,0.9024,7.0293,2
2–9,333,0.0,2.815,5.63,8.445,1.1582,1.1583,0.0106,2
3–1,333,0.0855,0.0857,0.2569,0.3426,0.5063,0.5078,0.2968,3
3–2,333,0.3249,0.3286,0.9821,1.3107,0.578,0.5468,5.3949,3
3–3,333,0.6459,0.6489,1.9437,2.5926,0.6403,0.6229,2.7277,3
3–4,333,1.2726,1.2662,3.805,5.0712,0.8387,0.8357,0.3555,3
3–5,333,2.2426,2.2379,6.7184,8.9563,1.279,1.2977,1.4634,3
4–1,333,0.3325,0.3327,0.9979,1.3306,0.5625,0.5479,2.5838,4
4–2,333,0.6948,0.6946,2.084,2.7786,0.6464,0.6361,1.5981,4
4–3,333,0.9887,0.9869,2.9625,3.9494,0.7273,0.7298,0.3422,4
4–4,333,1.267,1.264,3.795,5.059,0.906,0.8344,7.9122,4
4–5,333,1.6359,1.6327,4.9013,6.534,0.9906,0.9936,0.2999,4
4–6,333,1.8898,1.8906,5.671,7.5616,1.0731,1.1165,4.049,4
5–1,333,0.194,0.3875,0.969,1.3565,0.5593,0.5418,3.1287,5
5–2,333,0.3832,0.7662,1.9156,2.6818,0.6388,0.6142,3.8562,5
5–3,333,0.5897,1.1779,2.9455,4.1234,0.7484,0.7237,3.2972,5
5–4,333,0.7669,1.5342,3.8353,5.3695,0.8477,0.8418,0.6917,5
5–5,333,0.9491,1.8987,4.7465,6.6452,0.9796,0.9832,0.3631,5
5–6,333,1.1296,2.2585,5.6466,7.9051,1.208,1.1416,5.4934,5
6–1,333,0.5005,0.2502,1.0009,1.2511,0.5583,0.5529,0.9679,6
6–2,333,1.0005,0.5003,2.0011,2.5014,0.6361,0.6329,0.5073,6
6–3,333,1.4943,0.7471,2.9885,3.7356,0.7694,0.7319,4.8783,6
6–4,333,1.9639,0.982,3.9279,4.9099,0.8849,0.8403,5.0393,6
6–5,333,2.4344,1.2172,4.8688,6.086,0.9649,0.9602,0.4815,6
6–6,333,2.9041,1.4521,5.8083,7.2604,1.1338,1.0895,3.9061,6
7–1,333,0.6058,0.202,1.0098,1.2118,0.5572,0.5559,0.234,7
7–2,333,1.2039,0.4013,2.0065,2.4078,0.63,0.6347,0.7427,7
7–3,333,1.8012,0.6004,3.002,3.6024,0.7156,0.73,2.0118,7
7–4,333,2.3866,0.7955,3.9776,4.7731,0.8036,0.8354,3.9614,7
7–5,333,2.9623,0.9875,4.9373,5.9248,0.9141,0.9483,3.7339,7
7–6,333,3.5288,1.1763,5.8814,7.0577,1.0436,1.0668,2.2211,7
8–1,333,0.3816,0.3143,1.0102,1.3245,0.5812,0.5501,5.3509,8
8–2,333,0.7558,0.6224,2.0006,2.623,0.6395,0.6298,1.5189,8
8–3,333,1.1202,0.9225,2.9652,3.8877,0.779,0.7305,6.2284,8
8–4,333,1.4716,1.2119,3.8954,5.1073,0.8383,0.8456,0.8706,8
8–5,333,1.8224,1.5007,4.8238,6.3245,0.9546,0.9753,2.1672,8
8–6,333,2.1688,1.7861,5.741,7.5271,1.0981,1.116,1.6282,8
9–1,333,1.2289,0.0,1.2289,1.2289,0.5609,0.577,2.8738,9
9–2,333,2.4859,0.0,2.4859,2.4859,0.6398,0.6649,3.9166,9
9–3,333,3.8405,0.0,3.8405,3.8405,0.7411,0.7673,3.5256,9
9–4,333,5.0149,0.0,5.0149,5.0149,0.8744,0.8626,1.3568,9
9–5,333,6.0878,0.0,6.0878,6.0878,0.9486,0.9549,0.6629,9
10–1,333,0.0,1.2402,2.4804,3.7206,0.7324,0.6552,10.5434,10
10–2,333,0.0,2.3762,4.7524,7.1286,1.0946,0.984,10.1019,10
10–3,333,0.0,3.4164,6.8328,10.2492,1.4745,1.44,2.3427,10
10–4,333,0.0,4.3743,8.7486,13.1229,2.0591,1.9908,3.3155,10
10–5,333,0.0,5.2622,10.524,15.7866,2.8819,2.6135,9.3126,10
0,343,0.0,0.0,0.0,0.0,0.4439,0.4439,0.0,0
1–2,343,0.1002,0.0,0.1002,0.1002,0.443,0.4496,1.5004,1
1–3,343,0.2008,0.0,0.2008,0.2008,0.4513,0.4554,0.9158,1
1–4,343,0.4,0.0,0.4,0.4,0.4606,0.4668,1.3528,1
1–5,343,0.7013,0.0,0.7013,0.7013,0.4683,0.4844,3.4429,1
1–6,343,0.9991,0.0,0.9991,0.9991,0.4906,0.502,2.3108,1
1–7,343,1.4993,0.0,1.4993,1.4993,0.5214,0.532,2.0435,1
1–8,343,2.0028,0.0,2.0028,2.0028,0.6099,0.563,7.6937,1
1–9,343,2.9997,0.0,2.9997,2.9997,0.6323,0.6263,0.9417,1
1–10,343,3.994,0.0,3.994,3.994,0.6948,0.6921,0.3785,1
1–11,343,4.9969,0.0,4.9969,4.9969,0.7508,0.7613,1.3989,1
1–12,343,5.998,0.0,5.998,5.998,0.8338,0.833,0.0926,1
2–2,343,0.0,0.0513,0.1026,0.1539,0.4539,0.4469,1.5434,2
2–3,343,0.0,0.0972,0.1944,0.2916,0.4558,0.4498,1.3134,2
2–4,343,0.0,0.1785,0.357,0.5355,0.4666,0.4555,2.3782,2
2–5,343,0.0,0.3828,0.7656,1.1484,0.4969,0.473,4.8183,2
2–6,343,0.0,0.7532,1.5064,2.2596,0.5486,0.5162,5.8995,2
2–7,343,0.0,1.5667,3.1334,4.7001,0.7093,0.6635,6.4474,2
2–8,343,0.0,2.1439,4.2878,6.4317,0.8558,0.8117,5.1499,2
2–9,343,0.0,2.815,5.63,8.445,1.0168,1.0295,1.2497,2
3–1,343,0.0855,0.0857,0.2569,0.3426,0.4475,0.4543,1.5128,3
3–2,343,0.3249,0.3286,0.9821,1.3107,0.5159,0.4923,4.5745,3
3–3,343,0.6459,0.6489,1.9437,2.5926,0.5651,0.5614,0.6479,3
3–4,343,1.2726,1.2662,3.805,5.0712,0.7241,0.7461,3.0374,3
3–5,343,2.2426,2.2379,6.7184,8.9563,1.1145,1.1363,1.9487,3
4–1,343,0.3325,0.3327,0.9979,1.3306,0.4969,0.4933,0.7222,4
4–2,343,0.6948,0.6946,2.084,2.7786,0.5705,0.5732,0.4565,4
4–3,343,0.9887,0.9869,2.9625,3.9494,0.6407,0.6551,2.2508,4
4–4,343,1.267,1.264,3.795,5.059,0.759,0.745,1.8462,4
4–5,343,1.6359,1.6327,4.9013,6.534,0.9365,0.8804,5.9997,4
4–6,343,1.8898,1.8906,5.671,7.5616,0.9532,0.9841,3.2432,4
5–1,343,0.194,0.3875,0.969,1.3565,0.4947,0.4886,1.2427,5
5–2,343,0.3832,0.7662,1.9156,2.6818,0.5632,0.5553,1.4039,5
5–3,343,0.5897,1.1779,2.9455,4.1234,0.6589,0.652,1.0397,5
5–4,343,0.7669,1.5342,3.8353,5.3695,0.7449,0.7539,1.2101,5
5–5,343,0.9491,1.8987,4.7465,6.6452,0.8723,0.8745,0.2432,5
5–6,343,1.1296,2.2585,5.6466,7.9051,1.0602,1.0083,4.895,5
6–1,343,0.5005,0.2502,1.0009,1.2511,0.4943,0.4966,0.476,6
6–2,343,1.0005,0.5003,2.0011,2.5014,0.5601,0.5685,1.5059,6
6–3,343,1.4943,0.7471,2.9885,3.7356,0.6646,0.6547,1.4925,6
6–4,343,1.9639,0.982,3.9279,4.9099,0.7858,0.7477,4.8492,6
6–5,343,2.4344,1.2172,4.8688,6.086,0.8147,0.8496,4.284,6
6–6,343,2.9041,1.4521,5.8083,7.2604,1.0046,0.9587,4.5675,6
7–1,343,0.6058,0.202,1.0098,1.2118,0.4928,0.4987,1.1986,7
7–2,343,1.2039,0.4013,2.0065,2.4078,0.556,0.5692,2.3705,7
7–3,343,1.8012,0.6004,3.002,3.6024,0.6312,0.6521,3.3095,7
7–4,343,2.3866,0.7955,3.9776,4.7731,0.7062,0.7425,5.14,7
7–5,343,2.9623,0.9875,4.9373,5.9248,0.8006,0.8384,4.7188,7
7–6,343,3.5288,1.1763,5.8814,7.0577,0.9193,0.9383,2.0677,7
8–1,343,0.3816,0.3143,1.0102,1.3245,0.5421,0.495,8.697,8
8–2,343,0.7558,0.6224,2.0006,2.623,0.6009,0.567,5.6362,8
8–3,343,1.1202,0.9225,2.9652,3.8877,0.6977,0.655,6.1147,8
8–4,343,1.4716,1.2119,3.8954,5.1073,0.7372,0.7539,2.2603,8
8–5,343,1.8224,1.5007,4.8238,6.3245,0.8376,0.8641,3.1736,8
8–6,343,2.1688,1.7861,5.741,7.5271,0.96,0.9829,2.3818,8
9–1,343,1.2289,0.0,1.2289,1.2289,0.5244,0.5157,1.6527,9
9–2,343,2.4859,0.0,2.4859,2.4859,0.5751,0.5933,3.1661,9
9–3,343,3.8405,0.0,3.8405,3.8405,0.6686,0.6818,1.975,9
9–4,343,5.0149,0.0,5.0149,5.0149,0.7689,0.7625,0.8279,9
9–5,343,6.0878,0.0,6.0878,6.0878,0.8278,0.8395,1.4224,9
10–1,343,0.0,1.2402,2.4804,3.7206,0.6453,0.5958,7.6711,10
10–2,343,0.0,2.3762,4.7524,7.1286,0.9971,0.8816,11.583,10
10–3,343,0.0,3.4164,6.8328,10.2492,1.2823,1.2663,1.2476,10
10–4,343,0.0,4.3743,8.7486,13.1229,1.7876,1.7247,3.5186,10
10–5,343,0.0,5.2622,10.524,15.7866,2.4825,2.2387,9.8218,10
0,353,0.0,0.0,0.0,0.0,0.4026,0.4026,0.0,0
1–2,353,0.1002,0.0,0.1002,0.1002,0.4078,0.4078,0.0025,1
1–3,353,0.2008,0.0,0.2008,0.2008,0.4046,0.413,2.0826,1
1–4,353,0.4,0.0,0.4,0.4,0.4193,0.4234,0.9795,1
1–5,353,0.7013,0.0,0.7013,0.7013,0.4316,0.4393,1.7712,1
1–6,353,0.9991,0.0,0.9991,0.9991,0.4462,0.4551,1.9885,1
1–7,353,1.4993,0.0,1.4993,1.4993,0.4699,0.482,2.5872,1
1–8,353,2.0028,0.0,2.0028,2.0028,0.4835,0.5096,5.3891,1
1–9,353,2.9997,0.0,2.9997,2.9997,0.5514,0.5653,2.5266,1
1–10,353,3.994,0.0,3.994,3.994,0.6408,0.6226,2.8417,1
1–11,353,4.9969,0.0,4.9969,4.9969,0.6658,0.682,2.4354,1
1–12,353,5.998,0.0,5.998,5.998,0.8331,0.7431,10.8049,1
2–2,353,0.0,0.0513,0.1026,0.1539,0.4112,0.4062,1.2171,2
2–3,353,0.0,0.0972,0.1944,0.2916,0.4129,0.4096,0.798,2
2–4,353,0.0,0.1785,0.357,0.5355,0.4221,0.4161,1.4144,2
2–5,353,0.0,0.3828,0.7656,1.1484,0.4497,0.435,3.2749,2
2–6,353,0.0,0.7532,1.5064,2.2596,0.4927,0.4783,2.9193,2
2–7,353,0.0,1.5667,3.1334,4.7001,0.6335,0.6152,2.9021,2
2–8,353,0.0,2.1439,4.2878,6.4317,0.766,0.7469,2.4952,2
2–9,353,0.0,2.815,5.63,8.445,0.9032,0.9363,3.659,2
3–1,353,0.0855,0.0857,0.2569,0.3426,0.4025,0.4135,2.729,3
3–2,353,0.3249,0.3286,0.9821,1.3107,0.4461,0.451,1.0966,3
3–3,353,0.6459,0.6489,1.9437,2.5926,0.5058,0.5151,1.8429,3
3–4,353,1.2726,1.2662,3.805,5.0712,0.6448,0.6781,5.1674,3
3–5,353,2.2426,2.2379,6.7184,8.9563,0.9835,1.0121,2.9075,3
4–1,353,0.3325,0.3327,0.9979,1.3306,0.4462,0.4519,1.2839,4
4–2,353,0.6948,0.6946,2.084,2.7786,0.5106,0.5257,2.9614,4
4–3,353,0.9887,0.9869,2.9625,3.9494,0.571,0.5986,4.829,4
4–4,353,1.267,1.264,3.795,5.059,0.6449,0.6772,5.01,4
4–5,353,1.6359,1.6327,4.9013,6.534,0.8323,0.794,4.6081,4
4–6,353,1.8898,1.8906,5.671,7.5616,0.8297,0.8827,6.3945,4
5–1,353,0.194,0.3875,0.969,1.3565,0.4442,0.4487,1.0012,5
5–2,353,0.3832,0.7662,1.9156,2.6818,0.5036,0.5117,1.6117,5
5–3,353,0.5897,1.1779,2.9455,4.1234,0.5878,0.5989,1.883,5
5–4,353,0.7669,1.5342,3.8353,5.3695,0.663,0.6886,3.8621,5
5–5,353,0.9491,1.8987,4.7465,6.6452,0.7634,0.7931,3.887,5
5–6,353,1.1296,2.2585,5.6466,7.9051,0.9554,0.9079,4.9719,5
6–1,353,0.5005,0.2502,1.0009,1.2511,0.4439,0.4536,2.1988,6
6–2,353,1.0005,0.5003,2.0011,2.5014,0.5058,0.5191,2.6301,6
6–3,353,1.4943,0.7471,2.9885,3.7356,0.6063,0.5953,1.8119,6
6–4,353,1.9639,0.982,3.9279,4.9099,0.7099,0.6761,4.7548,6
6–5,353,2.4344,1.2172,4.8688,6.086,0.7627,0.7638,0.1434,6
6–6,353,2.9041,1.4521,5.8083,7.2604,0.918,0.857,6.6417,6
7–1,353,0.6058,0.202,1.0098,1.2118,0.4436,0.4548,2.5222,7
7–2,353,1.2039,0.4013,2.0065,2.4078,0.4982,0.5186,4.0788,7
7–3,353,1.8012,0.6004,3.002,3.6024,0.5642,0.5916,4.849,7
7–4,353,2.3866,0.7955,3.9776,4.7731,0.629,0.67,6.5239,7
7–5,353,2.9623,0.9875,4.9373,5.9248,0.7114,0.7525,5.7679,7
7–6,353,3.5288,1.1763,5.8814,7.0577,0.8057,0.8378,3.9819,7
8–1,353,0.3816,0.3143,1.0102,1.3245,0.4948,0.4531,8.4236,8
8–2,353,0.7558,0.6224,2.0006,2.623,0.5049,0.5195,2.8912,8
8–3,353,1.1202,0.9225,2.9652,3.8877,0.6321,0.5977,5.4332,8
8–4,353,1.4716,1.2119,3.8954,5.1073,0.6791,0.6839,0.7099,8
8–5,353,1.8224,1.5007,4.8238,6.3245,0.7442,0.7789,4.6574,8
8–6,353,2.1688,1.7861,5.741,7.5271,0.8492,0.8805,3.675,8
9–1,353,1.2289,0.0,1.2289,1.2289,0.4705,0.4674,0.6487,9
9–2,353,2.4859,0.0,2.4859,2.4859,0.5473,0.5364,1.9929,9
9–3,353,3.8405,0.0,3.8405,3.8405,0.5764,0.6136,6.4531,9
9–4,353,5.0149,0.0,5.0149,5.0149,0.7075,0.6831,3.4491,9
9–5,353,6.0878,0.0,6.0878,6.0878,0.7321,0.7486,2.251,9
10–1,353,0.0,1.2402,2.4804,3.7206,0.5753,0.5534,3.8131,10
10–2,353,0.0,2.3762,4.7524,7.1286,0.8687,0.8081,6.9844,10
10–3,353,0.0,3.4164,6.8328,10.2492,1.1514,1.139,1.069,10
10–4,353,0.0,4.3743,8.7486,13.1229,1.5704,1.5265,2.7946,10
10–5,353,0.0,5.2622,10.524,15.7866,2.1713,1.9565,9.8956,10
